title,company,location,date,link
Front-End Developer,Spiralyze,"Karāchi, Sindh, Pakistan",1 week ago,https://www.linkedin.comhttps://pk.linkedin.com/jobs/view/front-end-developer-at-spiralyze-4231383446?position=1&pageNum=0&refId=xPOVcTU06QMRw%2FwANxiPcA%3D%3D&trackingId=%2Bv2hIzqWqB1qwxkcSHAiaA%3D%3D
Front-end Developer in Karachi | Webnet Pakistan,Webnet Pakistan Pvt Ltd,"Karāchi, Sindh, Pakistan",2 months ago,https://www.linkedin.comhttps://pk.linkedin.com/jobs/view/front-end-developer-in-karachi-webnet-pakistan-at-webnet-pakistan-pvt-ltd-4209632994?position=2&pageNum=0&refId=xPOVcTU06QMRw%2FwANxiPcA%3D%3D&trackingId=nnpYq2tekb90tmWMELXdzg%3D%3D
Junior/Mid Level Backend Developer,Esevel,"Karāchi, Sindh, Pakistan",1 year ago,https://www.linkedin.comhttps://pk.linkedin.com/jobs/view/junior-mid-level-backend-developer-at-esevel-3917040092?position=3&pageNum=0&refId=xPOVcTU06QMRw%2FwANxiPcA%3D%3D&trackingId=Gq3prURrEYWvyPkdoouqaQ%3D%3D
Front-End Developer,Spiralyze,"Lahore, Punjab, Pakistan",3 weeks ago,https://www.linkedin.comhttps://pk.linkedin.com/jobs/view/front-end-developer-at-spiralyze-4223951591?position=4&pageNum=0&refId=xPOVcTU06QMRw%2FwANxiPcA%3D%3D&trackingId=nrhbRjbmcrjsTFP69wxwEQ%3D%3D
Associate Software Engineer - Open Stack,Devsinc,"Lahore, Punjab, Pakistan",4 weeks ago,https://www.linkedin.comhttps://pk.linkedin.com/jobs/view/associate-software-engineer-open-stack-at-devsinc-4228906471?position=5&pageNum=0&refId=xPOVcTU06QMRw%2FwANxiPcA%3D%3D&trackingId=z6%2B9Fp%2BSb77QTsbKH0WhFQ%3D%3D
Associate Software Engineer,Dubizzle Labs,"Lahore, Punjab, Pakistan",1 week ago,https://www.linkedin.comhttps://pk.linkedin.com/jobs/view/associate-software-engineer-at-dubizzle-labs-4161098980?position=6&pageNum=0&refId=xPOVcTU06QMRw%2FwANxiPcA%3D%3D&trackingId=8IreyB%2B3U6hP1sDI89nGeg%3D%3D
Associate Software Engineer- Unity,Devsinc,"Lahore, Punjab, Pakistan",1 month ago,https://www.linkedin.comhttps://pk.linkedin.com/jobs/view/associate-software-engineer-unity-at-devsinc-4225515121?position=7&pageNum=0&refId=xPOVcTU06QMRw%2FwANxiPcA%3D%3D&trackingId=pgl%2Bc1hynSJvcyLZRrtAWw%3D%3D
Front-end Developer,ibex,"Karāchi, Sindh, Pakistan",2 days ago,https://www.linkedin.comhttps://pk.linkedin.com/jobs/view/front-end-developer-at-ibex-4233294655?position=8&pageNum=0&refId=xPOVcTU06QMRw%2FwANxiPcA%3D%3D&trackingId=GDhj115QXgyQAQoMKp7Img%3D%3D
Software Engineer - Fresh - 2024/25,Arkhitech,"Islamabad, Islāmābād, Pakistan",2 months ago,https://www.linkedin.comhttps://pk.linkedin.com/jobs/view/software-engineer-fresh-2024-25-at-arkhitech-4174197865?position=9&pageNum=0&refId=xPOVcTU06QMRw%2FwANxiPcA%3D%3D&trackingId=KWPcf88ZXL%2BRoKLFQwybtA%3D%3D
Software Engineer- MERN,Devsinc,"Islamabad, Islāmābād, Pakistan",1 month ago,https://www.linkedin.comhttps://pk.linkedin.com/jobs/view/software-engineer-mern-at-devsinc-4225510732?position=10&pageNum=0&refId=xPOVcTU06QMRw%2FwANxiPcA%3D%3D&trackingId=J3g%2FsSv2uOTiI%2BIajMTq%2Fg%3D%3D
Software Engineer - Fresh - 2024/25,Arkhitech,"Lahore, Punjab, Pakistan",2 months ago,https://www.linkedin.comhttps://pk.linkedin.com/jobs/view/software-engineer-fresh-2024-25-at-arkhitech-4174195910?position=11&pageNum=0&refId=xPOVcTU06QMRw%2FwANxiPcA%3D%3D&trackingId=vB66EzIAMpg%2BcCtgK5H0Pg%3D%3D
Software Engineer- NodeJs,Devsinc,"Lahore, Punjab, Pakistan",1 month ago,https://www.linkedin.comhttps://pk.linkedin.com/jobs/view/software-engineer-nodejs-at-devsinc-4225515068?position=12&pageNum=0&refId=xPOVcTU06QMRw%2FwANxiPcA%3D%3D&trackingId=kaIG2gvkWEy1dph6AkMHcw%3D%3D
Junior Frontend Developer,Convo,"Islamabad, Islāmābād, Pakistan",3 days ago,https://www.linkedin.comhttps://pk.linkedin.com/jobs/view/junior-frontend-developer-at-convo-4234213961?position=13&pageNum=0&refId=xPOVcTU06QMRw%2FwANxiPcA%3D%3D&trackingId=%2FbUkdDSq7MZMO%2FV3DfFFLw%3D%3D
Software Engineer - Backend,Motive,Pakistan,1 week ago,https://www.linkedin.comhttps://pk.linkedin.com/jobs/view/software-engineer-backend-at-motive-3771699267?position=14&pageNum=0&refId=xPOVcTU06QMRw%2FwANxiPcA%3D%3D&trackingId=rcAn7SUBOrQ8bGWnVfjRNw%3D%3D
Associate Software Engineer - PHP Laravel,Devsinc,"Lahore, Punjab, Pakistan",1 week ago,https://www.linkedin.comhttps://pk.linkedin.com/jobs/view/associate-software-engineer-php-laravel-at-devsinc-4228296518?position=15&pageNum=0&refId=xPOVcTU06QMRw%2FwANxiPcA%3D%3D&trackingId=EyWX6rWwDBfABN821BJo6g%3D%3D
Software Engineer - Laravel,Dubizzle Labs,"Lahore, Punjab, Pakistan",6 days ago,https://www.linkedin.comhttps://pk.linkedin.com/jobs/view/software-engineer-laravel-at-dubizzle-labs-4161099904?position=16&pageNum=0&refId=xPOVcTU06QMRw%2FwANxiPcA%3D%3D&trackingId=eA8aiL36U4FBHsFDr4MdmA%3D%3D
Software Engineer - Node JS,Dubizzle Labs,"Lahore, Punjab, Pakistan",4 days ago,https://www.linkedin.comhttps://pk.linkedin.com/jobs/view/software-engineer-node-js-at-dubizzle-labs-4183350921?position=17&pageNum=0&refId=xPOVcTU06QMRw%2FwANxiPcA%3D%3D&trackingId=6pwf3vY6730uccCOBVG4Xw%3D%3D
MERN Stack Developer,Devsinc,"Lahore, Punjab, Pakistan",2 weeks ago,https://www.linkedin.comhttps://pk.linkedin.com/jobs/view/mern-stack-developer-at-devsinc-4224378171?position=18&pageNum=0&refId=xPOVcTU06QMRw%2FwANxiPcA%3D%3D&trackingId=o0%2BSvjvfQSG0qC4vBjPHfQ%3D%3D
Associate Software Engineer- Python,Devsinc,"Islamabad, Islāmābād, Pakistan",1 month ago,https://www.linkedin.comhttps://pk.linkedin.com/jobs/view/associate-software-engineer-python-at-devsinc-4224348987?position=19&pageNum=0&refId=xPOVcTU06QMRw%2FwANxiPcA%3D%3D&trackingId=HsDT0MlvZOzQsn1xWEJTRg%3D%3D
Associate Software Engineer - MERN,Devsinc,"Islamabad, Islāmābād, Pakistan",1 month ago,https://www.linkedin.comhttps://pk.linkedin.com/jobs/view/associate-software-engineer-mern-at-devsinc-4225509741?position=20&pageNum=0&refId=xPOVcTU06QMRw%2FwANxiPcA%3D%3D&trackingId=nI3L0cuKMHhouHIiEs9KOA%3D%3D
"Front-End Developer (React.js) - 0519 - Islamabad, Pakistan",Bionic Talent,"Islamabad, Islāmābād, Pakistan",1 week ago,https://www.linkedin.comhttps://pk.linkedin.com/jobs/view/front-end-developer-react-js-0519-islamabad-pakistan-at-bionic-talent-4229588208?position=21&pageNum=0&refId=xPOVcTU06QMRw%2FwANxiPcA%3D%3D&trackingId=V68AGJvm4BDBUzYbgWv1Nw%3D%3D
Associate Software Engineer- MERN,Devsinc,"Islamabad, Islāmābād, Pakistan",3 weeks ago,https://www.linkedin.comhttps://pk.linkedin.com/jobs/view/associate-software-engineer-mern-at-devsinc-4225515128?position=22&pageNum=0&refId=xPOVcTU06QMRw%2FwANxiPcA%3D%3D&trackingId=JHI%2B5kKF69Uf2rRtMN4Pkw%3D%3D
"Fullstack Developer (Onsite, Lahore, PKR Salary)",HR POD Careers,"Lahore, Punjab, Pakistan",2 months ago,https://www.linkedin.comhttps://pk.linkedin.com/jobs/view/fullstack-developer-onsite-lahore-pkr-salary-at-hr-pod-careers-4177831815?position=23&pageNum=0&refId=xPOVcTU06QMRw%2FwANxiPcA%3D%3D&trackingId=zeR68k8doEeSS2V5igFoVA%3D%3D
"Front-End Developer (React.js) - 0519 - Karachi, Pakistan",Bionic Talent,"Karāchi, Sindh, Pakistan",1 week ago,https://www.linkedin.comhttps://pk.linkedin.com/jobs/view/front-end-developer-react-js-0519-karachi-pakistan-at-bionic-talent-4229586336?position=24&pageNum=0&refId=xPOVcTU06QMRw%2FwANxiPcA%3D%3D&trackingId=stIV2JPPg7i2kpcw9KSm%2Fw%3D%3D
Full Stack Web Developer,S&P Global,"Islamabad, Islāmābād, Pakistan",1 week ago,https://www.linkedin.comhttps://pk.linkedin.com/jobs/view/full-stack-web-developer-at-s-p-global-4225840623?position=25&pageNum=0&refId=xPOVcTU06QMRw%2FwANxiPcA%3D%3D&trackingId=IkvdaWS%2B4w5DsiUL8pVvSQ%3D%3D
Associate Software Engineer- Python/ React,Devsinc,"Lahore, Punjab, Pakistan",1 month ago,https://www.linkedin.comhttps://pk.linkedin.com/jobs/view/associate-software-engineer-python-react-at-devsinc-4225198768?position=26&pageNum=0&refId=xPOVcTU06QMRw%2FwANxiPcA%3D%3D&trackingId=gPCzQbKZoWvpdUOKIJId0w%3D%3D
Software Engineer,hashpotato,"Karachi Division, Sindh, Pakistan",3 months ago,https://www.linkedin.comhttps://pk.linkedin.com/jobs/view/software-engineer-at-hashpotato-4152811509?position=27&pageNum=0&refId=xPOVcTU06QMRw%2FwANxiPcA%3D%3D&trackingId=8z%2FlhbpBrd8z79zfYrHPJA%3D%3D
Back-End API Developer,Frontline Data Solutions,Pakistan,2 weeks ago,https://www.linkedin.comhttps://pk.linkedin.com/jobs/view/back-end-api-developer-at-frontline-data-solutions-4224310382?position=28&pageNum=0&refId=xPOVcTU06QMRw%2FwANxiPcA%3D%3D&trackingId=xLErDJTa2e%2FNZ6j5teR2Yw%3D%3D
Application Developer,Crescent Steel and Allied Products Limited,"Karāchi, Sindh, Pakistan",2 months ago,https://www.linkedin.comhttps://pk.linkedin.com/jobs/view/application-developer-at-crescent-steel-and-allied-products-limited-4185911350?position=29&pageNum=0&refId=xPOVcTU06QMRw%2FwANxiPcA%3D%3D&trackingId=x2RuvF32aVCZVbaqTMCTvw%3D%3D
Intermediate Full-Stack Software Developer,LetHub,"Karāchi, Sindh, Pakistan",5 months ago,https://www.linkedin.comhttps://pk.linkedin.com/jobs/view/intermediate-full-stack-software-developer-at-lethub-4118869500?position=30&pageNum=0&refId=xPOVcTU06QMRw%2FwANxiPcA%3D%3D&trackingId=b3eZwULmiwmoKhsJO9XAFQ%3D%3D
Full Stack Developer,PakWheels.com,"Lahore, Punjab, Pakistan",7 months ago,https://www.linkedin.comhttps://pk.linkedin.com/jobs/view/full-stack-developer-at-pakwheels-com-4045499280?position=31&pageNum=0&refId=xPOVcTU06QMRw%2FwANxiPcA%3D%3D&trackingId=Vzdi0QOnPGsgiWN2GW9vQA%3D%3D
Unity Game Developer,Devsinc,"Lahore, Punjab, Pakistan",4 days ago,https://www.linkedin.comhttps://pk.linkedin.com/jobs/view/unity-game-developer-at-devsinc-4233372244?position=32&pageNum=0&refId=xPOVcTU06QMRw%2FwANxiPcA%3D%3D&trackingId=1dvUwPRq%2BH4HP0l3afV2qg%3D%3D
"Engineer, Application Development",S&P Global,"Islamabad, Islāmābād, Pakistan",1 day ago,https://www.linkedin.comhttps://pk.linkedin.com/jobs/view/engineer-application-development-at-s-p-global-4164117051?position=33&pageNum=0&refId=xPOVcTU06QMRw%2FwANxiPcA%3D%3D&trackingId=Et59XqTmNVcOVbwNv1WfIA%3D%3D
Software Developer,Contour Software,"Karāchi, Sindh, Pakistan",2 months ago,https://www.linkedin.comhttps://pk.linkedin.com/jobs/view/software-developer-at-contour-software-4169756057?position=34&pageNum=0&refId=xPOVcTU06QMRw%2FwANxiPcA%3D%3D&trackingId=Yv%2FxlewL0FMxukcCMWC2qA%3D%3D
Associate Software Engineer- Data Engineer,Devsinc,"Islamabad, Islāmābād, Pakistan",1 month ago,https://www.linkedin.comhttps://pk.linkedin.com/jobs/view/associate-software-engineer-data-engineer-at-devsinc-4224353461?position=35&pageNum=0&refId=xPOVcTU06QMRw%2FwANxiPcA%3D%3D&trackingId=FI%2BTb%2B1RUvD4rNScqsD8Ig%3D%3D
Full-Stack Developer - Dot Net & Angular,Hul Hub Pakistan,"Karachi Division, Sindh, Pakistan",7 months ago,https://www.linkedin.comhttps://pk.linkedin.com/jobs/view/full-stack-developer-dot-net-angular-at-hul-hub-pakistan-4038905000?position=36&pageNum=0&refId=xPOVcTU06QMRw%2FwANxiPcA%3D%3D&trackingId=GZtKxw07lnwFOEACEh4usQ%3D%3D
Full Stack Developer,Retailo Technologies,"Islamabad, Islāmābād, Pakistan",1 month ago,https://www.linkedin.comhttps://pk.linkedin.com/jobs/view/full-stack-developer-at-retailo-technologies-4213525301?position=37&pageNum=0&refId=xPOVcTU06QMRw%2FwANxiPcA%3D%3D&trackingId=6IACeyuktLRFxK8OlUkigw%3D%3D
Software Engineer-Python/Django,Devsinc,"Lahore, Punjab, Pakistan",1 month ago,https://www.linkedin.comhttps://pk.linkedin.com/jobs/view/software-engineer-python-django-at-devsinc-4225515153?position=38&pageNum=0&refId=xPOVcTU06QMRw%2FwANxiPcA%3D%3D&trackingId=vzLVR2I%2B0VAaqGhi9ZqJOg%3D%3D
"Front-End Developer (React.js) - 0519 - Lahore, Pakistan",Bionic Talent,"Lahore, Punjab, Pakistan",1 week ago,https://www.linkedin.comhttps://pk.linkedin.com/jobs/view/front-end-developer-react-js-0519-lahore-pakistan-at-bionic-talent-4229584676?position=39&pageNum=0&refId=xPOVcTU06QMRw%2FwANxiPcA%3D%3D&trackingId=yaMUp8ZQ%2FvaDkQIvegah%2FQ%3D%3D
Mobile Application Developer (Fresh),Dubizzle Labs,"Lahore, Punjab, Pakistan",6 days ago,https://www.linkedin.comhttps://pk.linkedin.com/jobs/view/mobile-application-developer-fresh-at-dubizzle-labs-4161097902?position=40&pageNum=0&refId=xPOVcTU06QMRw%2FwANxiPcA%3D%3D&trackingId=c9Y5OMM5CV%2FKKn31ganbiA%3D%3D
web developer,Reamarc.io,"Rawalpindi, Punjab, Pakistan",1 month ago,https://www.linkedin.comhttps://pk.linkedin.com/jobs/view/web-developer-at-reamarc-io-4203653513?position=41&pageNum=0&refId=xPOVcTU06QMRw%2FwANxiPcA%3D%3D&trackingId=7WyMlYjIHrSxASlwMwwNCw%3D%3D
Full Stack Web Developer,S&P Global,"Islamabad, Islāmābād, Pakistan",1 week ago,https://www.linkedin.comhttps://pk.linkedin.com/jobs/view/full-stack-web-developer-at-s-p-global-4227693498?position=42&pageNum=0&refId=xPOVcTU06QMRw%2FwANxiPcA%3D%3D&trackingId=Zfz4PJhMYsTMFH0PUe8NJg%3D%3D
Associate Software Engineer - AI/ML,Devsinc,"Lahore, Punjab, Pakistan",1 month ago,https://www.linkedin.comhttps://pk.linkedin.com/jobs/view/associate-software-engineer-ai-ml-at-devsinc-4225512763?position=43&pageNum=0&refId=xPOVcTU06QMRw%2FwANxiPcA%3D%3D&trackingId=JJG9GPIsp9%2FtMZuEkPurFg%3D%3D
Associate Software Engineer- AI/ML,Devsinc,"Islamabad, Islāmābād, Pakistan",1 month ago,https://www.linkedin.comhttps://pk.linkedin.com/jobs/view/associate-software-engineer-ai-ml-at-devsinc-4224365086?position=44&pageNum=0&refId=xPOVcTU06QMRw%2FwANxiPcA%3D%3D&trackingId=svkr8IAsXed1913q0hlrjQ%3D%3D
Software Engineer,Kodifly,"Islamabad, Islāmābād, Pakistan",3 weeks ago,https://www.linkedin.comhttps://pk.linkedin.com/jobs/view/software-engineer-at-kodifly-4217323207?position=45&pageNum=0&refId=xPOVcTU06QMRw%2FwANxiPcA%3D%3D&trackingId=jDJp0AHsr2QQ68bQBzcz1w%3D%3D
Laravel Developer,Hybrid Mediaworks,"Islamabad, Islāmābād, Pakistan",2 weeks ago,https://www.linkedin.comhttps://pk.linkedin.com/jobs/view/laravel-developer-at-hybrid-mediaworks-4223382210?position=46&pageNum=0&refId=xPOVcTU06QMRw%2FwANxiPcA%3D%3D&trackingId=KkTnKi4PlFmMZZi1c0YReQ%3D%3D
"Java Developer - Spring Boot (Onsite, Karachi, PKR Salary)",HR POD Careers,"Karāchi, Sindh, Pakistan",2 days ago,https://www.linkedin.comhttps://pk.linkedin.com/jobs/view/java-developer-spring-boot-onsite-karachi-pkr-salary-at-hr-pod-careers-4232637065?position=47&pageNum=0&refId=xPOVcTU06QMRw%2FwANxiPcA%3D%3D&trackingId=pCbIxN%2BK4ke7CdZ5NjSEFQ%3D%3D
Software Engineer,Enghouse Interactive,"Lahore, Punjab, Pakistan",3 days ago,https://www.linkedin.comhttps://pk.linkedin.com/jobs/view/software-engineer-at-enghouse-interactive-4123199496?position=48&pageNum=0&refId=xPOVcTU06QMRw%2FwANxiPcA%3D%3D&trackingId=Fo7g64NMaSu8sTUcdoyInw%3D%3D
Associate Software Engineer - Data Science,Devsinc,"Islamabad, Islāmābād, Pakistan",1 month ago,https://www.linkedin.comhttps://pk.linkedin.com/jobs/view/associate-software-engineer-data-science-at-devsinc-4225513653?position=49&pageNum=0&refId=xPOVcTU06QMRw%2FwANxiPcA%3D%3D&trackingId=%2BkdsbdevUebZ1It11EnM8A%3D%3D
Software Engineer- ROR,Devsinc,"Lahore, Punjab, Pakistan",1 month ago,https://www.linkedin.comhttps://pk.linkedin.com/jobs/view/software-engineer-ror-at-devsinc-4225509882?position=50&pageNum=0&refId=xPOVcTU06QMRw%2FwANxiPcA%3D%3D&trackingId=h4swEbMFCoUW%2FA%2BjwwxBbQ%3D%3D
Associate Software Engineer .Net,Devsinc,"Lahore, Punjab, Pakistan",1 month ago,https://www.linkedin.comhttps://pk.linkedin.com/jobs/view/associate-software-engineer-net-at-devsinc-4225513700?position=51&pageNum=0&refId=xPOVcTU06QMRw%2FwANxiPcA%3D%3D&trackingId=Nsy5RhqNS%2Fod4WjSkT%2Fwkw%3D%3D
Backend Developer/Node.js Developer,Mob Inspire,"Rawalpindi, Punjab, Pakistan",4 months ago,https://www.linkedin.comhttps://pk.linkedin.com/jobs/view/backend-developer-node-js-developer-at-mob-inspire-4114665576?position=52&pageNum=0&refId=xPOVcTU06QMRw%2FwANxiPcA%3D%3D&trackingId=kr6YoyYcNnYobuCWZNMiHw%3D%3D
Junior .NET Developer,Convo,"Islamabad, Islāmābād, Pakistan",3 days ago,https://www.linkedin.comhttps://pk.linkedin.com/jobs/view/junior-net-developer-at-convo-4234206905?position=53&pageNum=0&refId=xPOVcTU06QMRw%2FwANxiPcA%3D%3D&trackingId=0CmPrm8eghX99I8AUkqUFA%3D%3D
Software Engineer - .Net,Confiz,"Karachi Division, Sindh, Pakistan",1 month ago,https://www.linkedin.comhttps://pk.linkedin.com/jobs/view/software-engineer-net-at-confiz-4210575053?position=54&pageNum=0&refId=xPOVcTU06QMRw%2FwANxiPcA%3D%3D&trackingId=kgxCbGnatJnFxGYFL3Cv%2FQ%3D%3D
Associate Software Engineer - Data Science,Devsinc,"Lahore, Punjab, Pakistan",1 month ago,https://www.linkedin.comhttps://pk.linkedin.com/jobs/view/associate-software-engineer-data-science-at-devsinc-4225512752?position=55&pageNum=0&refId=xPOVcTU06QMRw%2FwANxiPcA%3D%3D&trackingId=%2Bx%2Fyd7Tk0gcLwVOne1WbsA%3D%3D
Software Trainee Engineer (AI),CureMD,"Lahore, Punjab, Pakistan",3 weeks ago,https://www.linkedin.comhttps://pk.linkedin.com/jobs/view/software-trainee-engineer-ai-at-curemd-4218089292?position=56&pageNum=0&refId=xPOVcTU06QMRw%2FwANxiPcA%3D%3D&trackingId=cAaq6AxJsuLOghnj8TrSlg%3D%3D
Software Developer,Contour Software,"Islamabad, Islāmābād, Pakistan",1 month ago,https://www.linkedin.comhttps://pk.linkedin.com/jobs/view/software-developer-at-contour-software-4215341892?position=57&pageNum=0&refId=xPOVcTU06QMRw%2FwANxiPcA%3D%3D&trackingId=%2Fo3lq05piKr%2F9QSCsTUiAA%3D%3D
Full Stack Developer,Contour Software,"Karāchi, Sindh, Pakistan",7 months ago,https://www.linkedin.comhttps://pk.linkedin.com/jobs/view/full-stack-developer-at-contour-software-4055840467?position=58&pageNum=0&refId=xPOVcTU06QMRw%2FwANxiPcA%3D%3D&trackingId=e4lxK5zt9dEgmqlclboBsw%3D%3D
Interested in joining our team?,Motive,Pakistan,1 week ago,https://www.linkedin.comhttps://pk.linkedin.com/jobs/view/interested-in-joining-our-team%3F-at-motive-4151730187?position=59&pageNum=0&refId=xPOVcTU06QMRw%2FwANxiPcA%3D%3D&trackingId=%2Bovl82qRwnd4C4XlnxWx%2FA%3D%3D
React JS Developer,PieCyfer,"Lahore, Punjab, Pakistan",3 months ago,https://www.linkedin.comhttps://pk.linkedin.com/jobs/view/react-js-developer-at-piecyfer-4152290646?position=60&pageNum=0&refId=xPOVcTU06QMRw%2FwANxiPcA%3D%3D&trackingId=5R7m%2FwL%2F7R%2FJ1r8WK4LDRg%3D%3D
Front-End Developer,Spiralyze,"Karāchi, Sindh, Pakistan",1 week ago,https://www.linkedin.comhttps://pk.linkedin.com/jobs/view/front-end-developer-at-spiralyze-4231383446?position=1&pageNum=0&refId=ZnAXt23cvhSEsxS8s9MM6g%3D%3D&trackingId=Xwwx9ugpC5w00hEdFWDoJA%3D%3D
Front-end Developer in Karachi | Webnet Pakistan,Webnet Pakistan Pvt Ltd,"Karāchi, Sindh, Pakistan",2 months ago,https://www.linkedin.comhttps://pk.linkedin.com/jobs/view/front-end-developer-in-karachi-webnet-pakistan-at-webnet-pakistan-pvt-ltd-4209632994?position=2&pageNum=0&refId=ZnAXt23cvhSEsxS8s9MM6g%3D%3D&trackingId=%2BufWgMq%2BVdY3WdqSan4HFw%3D%3D
Junior/Mid Level Backend Developer,Esevel,"Karāchi, Sindh, Pakistan",1 year ago,https://www.linkedin.comhttps://pk.linkedin.com/jobs/view/junior-mid-level-backend-developer-at-esevel-3917040092?position=3&pageNum=0&refId=ZnAXt23cvhSEsxS8s9MM6g%3D%3D&trackingId=3amdP0xCTxXhbInaFyk7WQ%3D%3D
Front-End Developer,Spiralyze,"Lahore, Punjab, Pakistan",3 weeks ago,https://www.linkedin.comhttps://pk.linkedin.com/jobs/view/front-end-developer-at-spiralyze-4223951591?position=4&pageNum=0&refId=ZnAXt23cvhSEsxS8s9MM6g%3D%3D&trackingId=WDbVlYXnNDB5CSGstIRlZg%3D%3D
Associate Software Engineer - Open Stack,Devsinc,"Lahore, Punjab, Pakistan",4 weeks ago,https://www.linkedin.comhttps://pk.linkedin.com/jobs/view/associate-software-engineer-open-stack-at-devsinc-4228906471?position=5&pageNum=0&refId=ZnAXt23cvhSEsxS8s9MM6g%3D%3D&trackingId=PEAgjNRxdBh1mFFptdqkYg%3D%3D
Associate Software Engineer,Dubizzle Labs,"Lahore, Punjab, Pakistan",1 week ago,https://www.linkedin.comhttps://pk.linkedin.com/jobs/view/associate-software-engineer-at-dubizzle-labs-4161098980?position=6&pageNum=0&refId=ZnAXt23cvhSEsxS8s9MM6g%3D%3D&trackingId=k7%2FYIsUpLtTAuDmH3qvmNA%3D%3D
Associate Software Engineer- Unity,Devsinc,"Lahore, Punjab, Pakistan",1 month ago,https://www.linkedin.comhttps://pk.linkedin.com/jobs/view/associate-software-engineer-unity-at-devsinc-4225515121?position=7&pageNum=0&refId=ZnAXt23cvhSEsxS8s9MM6g%3D%3D&trackingId=%2BnFnV43jlGxt6ttMiKhE9w%3D%3D
Front-end Developer,ibex,"Karāchi, Sindh, Pakistan",2 days ago,https://www.linkedin.comhttps://pk.linkedin.com/jobs/view/front-end-developer-at-ibex-4233294655?position=8&pageNum=0&refId=ZnAXt23cvhSEsxS8s9MM6g%3D%3D&trackingId=PEYiJqTBN83pD7tJqXcnNg%3D%3D
Software Engineer - Fresh - 2024/25,Arkhitech,"Islamabad, Islāmābād, Pakistan",2 months ago,https://www.linkedin.comhttps://pk.linkedin.com/jobs/view/software-engineer-fresh-2024-25-at-arkhitech-4174197865?position=9&pageNum=0&refId=ZnAXt23cvhSEsxS8s9MM6g%3D%3D&trackingId=9g4qY6sRY2x50hAN%2FVQMeQ%3D%3D
Software Engineer- MERN,Devsinc,"Islamabad, Islāmābād, Pakistan",1 month ago,https://www.linkedin.comhttps://pk.linkedin.com/jobs/view/software-engineer-mern-at-devsinc-4225510732?position=10&pageNum=0&refId=ZnAXt23cvhSEsxS8s9MM6g%3D%3D&trackingId=yONs9uWTTjhadt2K%2BF9aqQ%3D%3D
Software Engineer - Fresh - 2024/25,Arkhitech,"Lahore, Punjab, Pakistan",2 months ago,https://www.linkedin.comhttps://pk.linkedin.com/jobs/view/software-engineer-fresh-2024-25-at-arkhitech-4174195910?position=11&pageNum=0&refId=ZnAXt23cvhSEsxS8s9MM6g%3D%3D&trackingId=9vAGfmsPoD1UJ2HgguW5Yw%3D%3D
Software Engineer- NodeJs,Devsinc,"Lahore, Punjab, Pakistan",1 month ago,https://www.linkedin.comhttps://pk.linkedin.com/jobs/view/software-engineer-nodejs-at-devsinc-4225515068?position=12&pageNum=0&refId=ZnAXt23cvhSEsxS8s9MM6g%3D%3D&trackingId=j9dXoIDTvo4wNkufgmzweA%3D%3D
Junior Frontend Developer,Convo,"Islamabad, Islāmābād, Pakistan",3 days ago,https://www.linkedin.comhttps://pk.linkedin.com/jobs/view/junior-frontend-developer-at-convo-4234213961?position=13&pageNum=0&refId=ZnAXt23cvhSEsxS8s9MM6g%3D%3D&trackingId=KydUtFMTvZNM%2FFiaQvcw2A%3D%3D
Software Engineer - Backend,Motive,Pakistan,1 week ago,https://www.linkedin.comhttps://pk.linkedin.com/jobs/view/software-engineer-backend-at-motive-3771699267?position=14&pageNum=0&refId=ZnAXt23cvhSEsxS8s9MM6g%3D%3D&trackingId=KKC%2Bo84m5WVOH0OsbKofiA%3D%3D
Associate Software Engineer - PHP Laravel,Devsinc,"Lahore, Punjab, Pakistan",1 week ago,https://www.linkedin.comhttps://pk.linkedin.com/jobs/view/associate-software-engineer-php-laravel-at-devsinc-4228296518?position=15&pageNum=0&refId=ZnAXt23cvhSEsxS8s9MM6g%3D%3D&trackingId=hPVt1TiSQMSUcqTUL6PCvA%3D%3D
Software Engineer - Laravel,Dubizzle Labs,"Lahore, Punjab, Pakistan",6 days ago,https://www.linkedin.comhttps://pk.linkedin.com/jobs/view/software-engineer-laravel-at-dubizzle-labs-4161099904?position=16&pageNum=0&refId=ZnAXt23cvhSEsxS8s9MM6g%3D%3D&trackingId=B%2F8bUMrN%2Fy1b236PmHM5FQ%3D%3D
Software Engineer - Node JS,Dubizzle Labs,"Lahore, Punjab, Pakistan",4 days ago,https://www.linkedin.comhttps://pk.linkedin.com/jobs/view/software-engineer-node-js-at-dubizzle-labs-4183350921?position=17&pageNum=0&refId=ZnAXt23cvhSEsxS8s9MM6g%3D%3D&trackingId=c%2Bav%2BGTeACwUSjh%2FnLbDNQ%3D%3D
MERN Stack Developer,Devsinc,"Lahore, Punjab, Pakistan",2 weeks ago,https://www.linkedin.comhttps://pk.linkedin.com/jobs/view/mern-stack-developer-at-devsinc-4224378171?position=18&pageNum=0&refId=ZnAXt23cvhSEsxS8s9MM6g%3D%3D&trackingId=jIBjKRvKgzpQpMgBU2GBBw%3D%3D
Associate Software Engineer- Python,Devsinc,"Islamabad, Islāmābād, Pakistan",1 month ago,https://www.linkedin.comhttps://pk.linkedin.com/jobs/view/associate-software-engineer-python-at-devsinc-4224348987?position=19&pageNum=0&refId=ZnAXt23cvhSEsxS8s9MM6g%3D%3D&trackingId=OCXJljPsJbDabIATOQ4vLA%3D%3D
Associate Software Engineer - MERN,Devsinc,"Islamabad, Islāmābād, Pakistan",1 month ago,https://www.linkedin.comhttps://pk.linkedin.com/jobs/view/associate-software-engineer-mern-at-devsinc-4225509741?position=20&pageNum=0&refId=ZnAXt23cvhSEsxS8s9MM6g%3D%3D&trackingId=ylw73%2BiY4iTat9fZ832IJg%3D%3D
"Front-End Developer (React.js) - 0519 - Islamabad, Pakistan",Bionic Talent,"Islamabad, Islāmābād, Pakistan",1 week ago,https://www.linkedin.comhttps://pk.linkedin.com/jobs/view/front-end-developer-react-js-0519-islamabad-pakistan-at-bionic-talent-4229588208?position=21&pageNum=0&refId=ZnAXt23cvhSEsxS8s9MM6g%3D%3D&trackingId=fVcYuUur3SA8TWbZcRfyGg%3D%3D
Associate Software Engineer- MERN,Devsinc,"Islamabad, Islāmābād, Pakistan",3 weeks ago,https://www.linkedin.comhttps://pk.linkedin.com/jobs/view/associate-software-engineer-mern-at-devsinc-4225515128?position=22&pageNum=0&refId=ZnAXt23cvhSEsxS8s9MM6g%3D%3D&trackingId=NfDNvSnNsDzffJzxdLcP1w%3D%3D
"Fullstack Developer (Onsite, Lahore, PKR Salary)",HR POD Careers,"Lahore, Punjab, Pakistan",2 months ago,https://www.linkedin.comhttps://pk.linkedin.com/jobs/view/fullstack-developer-onsite-lahore-pkr-salary-at-hr-pod-careers-4177831815?position=23&pageNum=0&refId=ZnAXt23cvhSEsxS8s9MM6g%3D%3D&trackingId=b4xEjfrYzNJnpjWXqCGTDg%3D%3D
"Front-End Developer (React.js) - 0519 - Karachi, Pakistan",Bionic Talent,"Karāchi, Sindh, Pakistan",1 week ago,https://www.linkedin.comhttps://pk.linkedin.com/jobs/view/front-end-developer-react-js-0519-karachi-pakistan-at-bionic-talent-4229586336?position=24&pageNum=0&refId=ZnAXt23cvhSEsxS8s9MM6g%3D%3D&trackingId=Q2akdCwv0KoV0q3DONTRSg%3D%3D
Full Stack Web Developer,S&P Global,"Islamabad, Islāmābād, Pakistan",1 week ago,https://www.linkedin.comhttps://pk.linkedin.com/jobs/view/full-stack-web-developer-at-s-p-global-4225840623?position=25&pageNum=0&refId=ZnAXt23cvhSEsxS8s9MM6g%3D%3D&trackingId=oSRUK3c5DVm6AXcrgYl1Gg%3D%3D
Associate Software Engineer- Python/ React,Devsinc,"Lahore, Punjab, Pakistan",1 month ago,https://www.linkedin.comhttps://pk.linkedin.com/jobs/view/associate-software-engineer-python-react-at-devsinc-4225198768?position=26&pageNum=0&refId=ZnAXt23cvhSEsxS8s9MM6g%3D%3D&trackingId=hz%2F3jo23TVnrgwO61%2Bn8Gg%3D%3D
Software Engineer,hashpotato,"Karachi Division, Sindh, Pakistan",3 months ago,https://www.linkedin.comhttps://pk.linkedin.com/jobs/view/software-engineer-at-hashpotato-4152811509?position=27&pageNum=0&refId=ZnAXt23cvhSEsxS8s9MM6g%3D%3D&trackingId=B8qzsB24yHutamoK0muejg%3D%3D
Back-End API Developer,Frontline Data Solutions,Pakistan,2 weeks ago,https://www.linkedin.comhttps://pk.linkedin.com/jobs/view/back-end-api-developer-at-frontline-data-solutions-4224310382?position=28&pageNum=0&refId=ZnAXt23cvhSEsxS8s9MM6g%3D%3D&trackingId=dxt2aTGd903zA9v%2F%2FZOtSw%3D%3D
Application Developer,Crescent Steel and Allied Products Limited,"Karāchi, Sindh, Pakistan",2 months ago,https://www.linkedin.comhttps://pk.linkedin.com/jobs/view/application-developer-at-crescent-steel-and-allied-products-limited-4185911350?position=29&pageNum=0&refId=ZnAXt23cvhSEsxS8s9MM6g%3D%3D&trackingId=VuO%2Fftr5Xbms9d5kYECGlg%3D%3D
Intermediate Full-Stack Software Developer,LetHub,"Karāchi, Sindh, Pakistan",5 months ago,https://www.linkedin.comhttps://pk.linkedin.com/jobs/view/intermediate-full-stack-software-developer-at-lethub-4118869500?position=30&pageNum=0&refId=ZnAXt23cvhSEsxS8s9MM6g%3D%3D&trackingId=ND1ODDmIWfZz9eysHwTVwA%3D%3D
Full Stack Developer,PakWheels.com,"Lahore, Punjab, Pakistan",7 months ago,https://www.linkedin.comhttps://pk.linkedin.com/jobs/view/full-stack-developer-at-pakwheels-com-4045499280?position=31&pageNum=0&refId=ZnAXt23cvhSEsxS8s9MM6g%3D%3D&trackingId=yqjeqPvzjRE7Z9mCtzCLdw%3D%3D
Unity Game Developer,Devsinc,"Lahore, Punjab, Pakistan",4 days ago,https://www.linkedin.comhttps://pk.linkedin.com/jobs/view/unity-game-developer-at-devsinc-4233372244?position=32&pageNum=0&refId=ZnAXt23cvhSEsxS8s9MM6g%3D%3D&trackingId=32VntvcCHIYUHihRmSFxFg%3D%3D
"Engineer, Application Development",S&P Global,"Islamabad, Islāmābād, Pakistan",1 day ago,https://www.linkedin.comhttps://pk.linkedin.com/jobs/view/engineer-application-development-at-s-p-global-4164117051?position=33&pageNum=0&refId=ZnAXt23cvhSEsxS8s9MM6g%3D%3D&trackingId=TlI%2BLlm1rJrYAVdV3qVcmg%3D%3D
Software Developer,Contour Software,"Karāchi, Sindh, Pakistan",2 months ago,https://www.linkedin.comhttps://pk.linkedin.com/jobs/view/software-developer-at-contour-software-4169756057?position=34&pageNum=0&refId=ZnAXt23cvhSEsxS8s9MM6g%3D%3D&trackingId=fuRhRqCuruf%2BlQo6EpD9CA%3D%3D
Associate Software Engineer- Data Engineer,Devsinc,"Islamabad, Islāmābād, Pakistan",1 month ago,https://www.linkedin.comhttps://pk.linkedin.com/jobs/view/associate-software-engineer-data-engineer-at-devsinc-4224353461?position=35&pageNum=0&refId=ZnAXt23cvhSEsxS8s9MM6g%3D%3D&trackingId=XAv6g1yOexuXbULlpwaiig%3D%3D
Full-Stack Developer - Dot Net & Angular,Hul Hub Pakistan,"Karachi Division, Sindh, Pakistan",7 months ago,https://www.linkedin.comhttps://pk.linkedin.com/jobs/view/full-stack-developer-dot-net-angular-at-hul-hub-pakistan-4038905000?position=36&pageNum=0&refId=ZnAXt23cvhSEsxS8s9MM6g%3D%3D&trackingId=oqQaQqVU4NJ%2B2QnAdxGXXQ%3D%3D
Full Stack Developer,Retailo Technologies,"Islamabad, Islāmābād, Pakistan",1 month ago,https://www.linkedin.comhttps://pk.linkedin.com/jobs/view/full-stack-developer-at-retailo-technologies-4213525301?position=37&pageNum=0&refId=ZnAXt23cvhSEsxS8s9MM6g%3D%3D&trackingId=qGjZ7lVzyk2GrOM%2BxzvzQQ%3D%3D
Software Engineer-Python/Django,Devsinc,"Lahore, Punjab, Pakistan",1 month ago,https://www.linkedin.comhttps://pk.linkedin.com/jobs/view/software-engineer-python-django-at-devsinc-4225515153?position=38&pageNum=0&refId=ZnAXt23cvhSEsxS8s9MM6g%3D%3D&trackingId=aVF2lBWJhILOF7ATTYnxmw%3D%3D
"Front-End Developer (React.js) - 0519 - Lahore, Pakistan",Bionic Talent,"Lahore, Punjab, Pakistan",1 week ago,https://www.linkedin.comhttps://pk.linkedin.com/jobs/view/front-end-developer-react-js-0519-lahore-pakistan-at-bionic-talent-4229584676?position=39&pageNum=0&refId=ZnAXt23cvhSEsxS8s9MM6g%3D%3D&trackingId=Dj9u7MR4WA7jq4f%2BNANB2A%3D%3D
Mobile Application Developer (Fresh),Dubizzle Labs,"Lahore, Punjab, Pakistan",6 days ago,https://www.linkedin.comhttps://pk.linkedin.com/jobs/view/mobile-application-developer-fresh-at-dubizzle-labs-4161097902?position=40&pageNum=0&refId=ZnAXt23cvhSEsxS8s9MM6g%3D%3D&trackingId=Y1QBavu9A2ACdLj0CR1c7A%3D%3D
